,0
0,carinalifestyle
1,theliamman
2,yaroslava_kirichok
3,yaroslava_kirichok
4,yaroslava_kirichok
5,manuel_d_ph
6,franciscaoluku
7,varsovianna
8,shortiesphotography_1970
9,joshuadully
10,charlescodyphotography_bw
11,charlescodyphotography_bw
12,charlescodyphotography_bw
13,charlescodyphotography_color
14,charlescodyphotography_color
15,charlescodyphotography_color
16,tiger_cty
17,householdcavalrygroup
18,raquelsmmonteiro
19,insidethe505
20,kate_in_london_
21,g.s.photographer
22,the_real_dml
23,cameractus
24,marina.i15
25,shortiesphotography_1970
26,danielazziptrips
27,_rrobertsonphotography
28,johnnyblackuk
29,your_scotland
30,instabearagram
31,82ms_photography
32,sally_bellett
33,_kelssees
34,sueward22
35,bonesinabox
36,jimmymoorephoto
37,jlyon92
38,andybeckimages
39,aloksharansrivastava
40,ladynicking
41,nic.e.maybury
42,brez70
43,ciarahillyer
44,sam.daytripper
45,onelakedistrict
46,g.woolliams
47,jimmymoorephoto
48,josh.glaister
49,esfocalpoint
50,mchale44
51,sarahrobson94
52,nickkeegan
53,aebhamburg
54,crafternickie
55,urbansquirrel
56,chris_p_mcloughlin
57,tom__allport
58,ourworldforyou
59,bam_perspectives
60,chris_p_mcloughlin
61,urbansquirrel
62,eilidh__cameron
63,w_wise_photography
64,theyellowcoatguy
65,the.geek.photographer
66,whitbyandme
67,carlosvonp
68,sloopjohnd82
69,serialtourist
70,davidgjonesphotography
71,jimmymoorephoto
72,aaaamys
73,jimmymoorephoto
74,stephaniealord
75,scrumpyphotos
76,imagewich
77,andrewwhettam
78,lynn_emery_photography_
79,stephaniealord
80,lynn_emery_photography_
81,adamjohnevansphoto
82,tbo51972
83,jayemday
84,jimmymoorephoto
85,lynn_emery_photography_
86,jimmymoorephoto
87,katesyorkshire
88,defenderdemister
89,attunement
90,portsmouth_news
91,londontourcompany
92,urbansquirrel
93,johnpeterdrover
94,andywatson1983
95,a.hasty.adventure
96,zoezozeeb
97,__jogi____
98,whitecliffsphotography
99,dproteus
100,mad_hattons
101,jp_walhin
102,lauzaart
103,scousescene
104,gal__vanised
105,chris_garner1974
106,jimmymoorephoto
107,jakevideo
108,jenkinsmartyn
109,jonjsweet
110,shotbygrave
111,martinrisbridgerphotography
112,kirstyaturner
113,_nadinelh
114,hocking.photography
115,photoartbymike
116,shewalksinengland
117,jenkinsmartyn
118,_aaperspective_
119,theartychap
120,hocking.photography
121,mindtheliverpool
122,anabel_baranowska
123,lincolnshire_grammers
124,salvtec
125,pearlm24
126,nasrin_king_photography
127,skyealicee
128,placesinuk
129,arianrhod29
130,spokenwheelphotography
131,thebritishwildlife
132,nasrin_king_photography
133,janettehall7
134,nasrin_king_photography
135,tomrickhuss
136,town_and_about
137,giacomozecca
138,hazside16
139,greatluxphotography
140,stuartbanksphoto
141,nasrin_king_photography
142,louise_bnw
143,alexander_cameron4
144,nasrin_king_photography
145,chris_frost_photography
146,kerstingetslost
147,eleanorscrivenphotography
148,viviennerickman
149,joeyphillips80
150,edinburgheverything
151,darenleonard_bristol
152,michaeljaeger
153,omidsnik
154,ajhall_photos
155,rachfullerphotos
156,weekend_hiker
157,kjcphotographyuk
158,autumnrosejournal
159,thewaggilytail
160,your_scotland
161,alex_xander_photography
162,arianrhod29
163,doug_mckillop
164,patsfocus
165,michaeldambach
166,_jl__photography__
167,phases2020
168,antony_powell_photography
169,parresameikle
170,liinaxh
171,fbimages
172,twentyfourstar
173,adventuresinnatureuk
174,bobbleking
175,scotlandhistories
176,itspedrocosta
177,blstq
178,agzygroove_gillies
179,homadnomad
180,bastian_mich
181,mallexplores
182,walking_with_daisy
183,homadnomad
184,stevie_8820
185,ben_tizard_photography
186,homadnomad
187,jonnydurrant
188,martindavepat
189,insidethe505
190,jennywrenslens
191,thebritishwildlife
192,dylanevansphotos
193,bastian_mich
194,evostudmac
195,cornishwalker1
196,sandra_newman
197,emmas_london
198,canuckrunningamuck
199,davyd_samuels_photography
200,garethsmedia
201,marysiamacfarlane
202,emmas_london
203,a_d_granty
204,igerscoventry
205,charlottec___
206,excellent_britain
207,graham_jay_orr_photography
208,sirdraco2212
209,solo_shooter33
210,utopia_cornwall
211,yvettebarnettphotography
212,pinkandgrainy
213,skm1963
214,jamesmellor
215,stoenotoff
216,boburke1
217,rumonkhouse
218,morssyus
219,twinswalkingtogether
220,ladoza.uk
221,donaldbeatonphotography
222,travel_m0ments
223,seadog.cornwall
224,rtphotographyuk
225,birmingham.live
226,andydavenport
227,sparrowinlondon
228,matheuspic
229,sresta_photowalks
230,dr_difilippo
231,irkkuliri
232,londoncityworld
233,_aaperspective_
234,londoncityworld
235,trzynasciednii
236,theresiliencemindset
237,out_in_london
238,manoleas
239,nx_x123
240,nx_x123
241,in.ldn
242,caseofyu
243,365daysofcube
244,londondreamings
245,anya.g.rowe
246,joelfriendy
247,ipekkara97
248,lindseymunropics
249,faisal_usa14
250,visualmancer
251,faisal_usa14
252,soflondon
253,ciaraa.ob
254,danallaroundtheworld
255,fla_me
256,picture.jpgs
257,thelondonwallflower
258,ballardrobinson
259,uzzyeditor
260,uzzyeditor
261,missbrittt
262,yellywelly
263,itsmrshutterbug
264,itsmrshutterbug
265,itsmrshutterbug
266,gulshanlondon
267,laura.mccallen
268,melaniedcrewphoto
269,adrianne_brady_trading
270,nfalcaointheworld
271,punakettu_fable
272,mastroj
273,londonvisionaries
274,hne7497
275,hne7497
276,hne7497
277,hne7497
278,hne7497
279,creativecrossroad
280,lisisb8
281,avivabaigofficial
282,theportraitmission
283,insiyah.photography
284,marjolondon_
285,josephotopty
286,ciancia_photography
287,londonispink
288,stanyouphoto
289,gabri_tarantino
290,justefe
291,garrettbarry70
292,dimitar_hr
293,bassmanphotography
294,griffie.visuals
295,london4all
296,justefe
297,dimitar_hr
298,irkkuliri
299,sharon.andthecity
300,_aaperspective_
301,slowburntravels
302,ranalddinsdale
303,magnoliawalks
304,londonvisionaries
305,filip.alx.photography
306,holmes.40
307,sd.eyes
308,theresiliencemindset
309,nx_x123
310,nx_x123
311,lauppfrosch
312,iamsmileyone
313,in.ldn
314,jag_dhesi
315,moonshine.mist
316,kalinowy_
317,njvisual
318,imaphotostoryteller
319,mutyyyaaa
320,365daysofcube
321,sparrowinlondon
322,londondreamings
323,joelfriendy
324,voirlavieautrement
325,coddiwomple_kate
326,flexi_foto
327,faisal_usa14
328,visualmancer
329,faisal_usa14
330,soflondon
331,felicitya_young
332,botadorinphotography
333,botadorin
334,fla_me
335,picture.jpgs
336,hidden_in_plain_sight__
337,ashleylikesphotography
338,ballardrobinson
339,domina_monriel
340,_streets_of_london_
341,hidden_in_plain_sight__
342,uzzyeditor
343,uzzyeditor
344,worldthroughmylensblr
345,londontabby
346,worldthroughmylensblr
347,worldthroughmylensblr
348,mathylde_lfn
349,itsmrshutterbug
350,itsmrshutterbug
351,itsmrshutterbug
352,hidden_in_plain_sight__
353,danilkrvv
354,rory_buildings_crj
355,adrianne_brady_trading
356,richardtaylor_photography
357,spoonandrice
358,mastroj
359,its_so_london
360,its_so_london
361,s.pandeka
362,annakozlva
363,amberrrjones
364,vladandbg
365,pasquale.dicuonzo
366,tales.and.the.city
367,delphb33
368,delphb33
369,fznrf
370,ruda_w_wielkim_miescie
371,mythicshots
372,aana.ben
373,ethashamahmed
374,wingmirror70
375,serenalacarbonara_
376,teri.photos.london
377,liznyc66
378,pinayflyinghigh
379,gemmak500
380,paul_chiswick
381,jamie_brightside
382,sebastianjphotography
383,gfneb
384,smarksthespots
385,sarahlaurenphotos
386,londonartcritic
387,tryanelliott
388,saadshah27
389,neildaviesphotography
390,adamjason1
391,blindspot_travel
392,gemmak500
393,hrmotion
394,gemmak500
395,chynally
396,kusal96
397,deepsane
398,olga_kotlyar
399,girljustwanders
400,jon_paul_ladd
401,theundergroundperson
402,ann_avdonina
403,lawskilatino
404,my_london.dream
405,candlelit_moth
406,basil_fore
407,adventures_by_land_and_sea
408,found_london
409,_matthuang
410,artsylensofambar
411,hedy.londonpics
412,remosteen
413,christymeetsworld
414,londonpopbox
415,paint_nothing
416,lindasfotoblog
417,marianstrumfa
418,lesvoyages_inesperes
419,ellywithkawai
420,jaidadlaney
421,iviews.london
422,gareth689
423,gambinchris
424,iviews.london
425,we.love.london.uk
426,christymeetsworld
427,tv_colors
428,romina_chavez_81
429,fernando.sakugava
430,jmphotography.mobile
431,aromanticinlondon
432,vir.bodernea
433,bailandofmlondon
434,cheshire_sana
435,rmwardphotography
436,repostedgramlondon
437,madam_zo_zo
438,prettycarcollective
439,robertoferrone
440,england_sightseeing
441,nick365
442,simpleconcept.hk
443,calumcurry
444,gr00v3r_luis
445,aminoratheart
446,brzezinskidariusz77
447,brzezinskidariusz77
448,aumnamahshiva
449,brzezinskidariusz77
450,aumnamahshiva
451,brzezinskidariusz77
452,brzezinskidariusz77
453,brzezinskidariusz77
454,somesanroxana
455,somesanroxana
456,somesanroxana
457,somesanroxana
458,somesanroxana
459,somesanroxana
460,somesanroxana
461,somesanroxana
462,somesanroxana
463,somesanroxana
464,somesanroxana
465,somesanroxana
466,somesanroxana
467,somesanroxana
468,somesanroxana
469,aminoratheart
470,somesanroxana
471,somesanroxana
472,somesanroxana
473,somesanroxana
474,somesanroxana
475,somesanroxana
476,somesanroxana
477,somesanroxana
478,somesanroxana
479,andygoodenough
480,andygoodenough
481,freehandlines
482,luca.bruni73
483,lucbruni73
484,a_gorsty
485,jsouza01989
486,somesanroxana
487,somesanroxana
488,somesanroxana
489,somesanroxana
490,somesanroxana
491,somesanroxana
492,somesanroxana
493,somesanroxana
494,somesanroxana
495,somesanroxana
496,somesanroxana
497,rlamasc
498,rie_ujiie
499,ash.garvin
500,thetebbster
501,jamesrodriguesphotography
502,liliana_brito91
503,pedro.zr
504,chilloutlondon
505,michelle_dolphinium
506,korybalski
507,fairytalesoflondon
508,igerslondon
509,moonternity
510,manu_abbi
511,m_haq_
512,rrahuss
513,joana_cardosoph
514,official_bellefockler
515,travelplaces___
516,travelplaces___
517,somesanroxana
518,somesanroxana
519,somesanroxana
520,somesanroxana
521,somesanroxana
522,somesanroxana
523,somesanroxana
524,somesanroxana
525,somesanroxana
526,somesanroxana
527,olians93
528,olians93
529,olians93
530,joana_cardoso11
531,skyeoneill
532,pentaprism_photo
533,dunstanralexander
534,digitaltones
535,gclr
536,gcooler
537,flaviaguilhote
538,joseph_black_13
539,repostedgramlondon
540,mattgh83
541,sebastianjphotography
542,nomadic.sam
543,ayoosh.altayeb
544,giulika53
545,geengenee
546,ravtakesphotos
547,josealfonsomartineztapia
548,pennaaspillo
549,agoraquesouitaliana
550,jjjjstar
551,daniellluczak
552,jislook
553,zajestic
554,geengenee
555,uk.shooters
556,doriopraca
557,gambinchris
558,myspaige
559,yucesimsekphotography
560,andresbalcazar_
561,pablolopesdasdores
562,shirley_oldpur
563,yucesimsekphotography
564,uyiosa
565,yucesimsekphotography
566,yucesimsekphotography
567,monty_dye
568,amble.around
569,yucesimsekphotography
570,thevisuallife_
571,che.wanders.in
572,a7wander
573,freelondontours
574,alison_nunwick
575,designmynight
576,alexxinoz
577,streetartphotographer
578,londonforblondies
579,just_pete_prints
580,marmaxfoto
581,dlanger.photos
582,gioquina
583,denise_barnard_art
584,sertxio3k
585,mathewbrowne
586,sophisticatedeffect
587,descurran
588,yashnanehaa
589,jaythompson_96
590,my00views2
591,noemi_londres
592,best_london_photos
593,london_eyes_official
594,apryhar
595,my00views2
596,vivienne_aiko
597,kantophoto
598,gemma_w1
599,beyondlondon
600,tonino.gr
601,h.h_photographyy_
602,tayo_adg
603,teri.photos.london
604,mumhad1ofthose
605,creativecubprod
606,sarrandbeyond
607,eirini_dardari
608,hector_prada83
609,barbara_foerster_photography
610,2020photostyle
611,marti7
612,norrisniman
613,danielhedquistphoto
614,luca_gino_photography
615,hame1112
616,photoartstudio.markozivkovic
617,ourendlesstrip
618,beckyround97
619,londonviewpoints
620,norrisniman
621,antonioparrucci
622,alexis_pichot
623,christianpfnuer
624,papadimitriou.manos
625,rudy.walker
626,mibackman
627,anstellos
628,ingridbarlowephotography
629,sawthecobra
630,iduevagamondi
631,photoconnection284
632,tapiopix
633,tapiopix
634,yousef_raysis
635,yngveheide
636,canon7dman
637,javeo_del_mundo
638,canon7dman
639,domenicleon_fotografie
640,chrisriefenberg
641,sammiswar
642,pm__mendes
643,javeo_del_mundo
644,tonigraphy_
645,pm__mendes
646,ciromarr
647,javeo_del_mundo
648,pm__mendes
649,thekittyjazz
650,ciromarr
651,junethekitty
652,ceciliaconte
653,ceciliaconte
654,bewatts52
655,ceciliaconte
656,apelsiniukas
657,hockeymoments_4
658,nils.wpl
659,martinsantbergen
660,capture_the_moment_by_sw
661,bespokebymo
662,_autumnpix_
663,philip.staikos_photography
664,marianapitaphotos
665,antoinegrall.photographie
666,miroslav.todorovic_miki
667,uk_av1ation
668,sons_of_hotspur
669,nicola_porceddu
670,studioscape
671,captivatingnature
672,kartr91
673,jova.ros
674,da.yali.rk
675,martens.paul
676,lilys_bubble
677,helenavanmarm
678,timothyt_photography
679,zazouthesamoyed
680,orismaja
681,elisabettamarzetti
682,ellisberankova_photography
683,pistachioandchocolate
684,tomash.photo
685,tomash.photo
686,learn_how_to_shoot_photography
